Time,Amount,V1,V2,V3,V4,V5,V6,V7,V8,V9,V10,V11,V12,V13,V14,V15,V16,V17,V18,V19,V20,V21,V22,V23,V24,V25,V26,V27,V28
0,41.2955919179636,-1.6366478738396855,-0.7393777546711534,1.018786533747277,-1.7118405164683252,2.129036704519064,1.4126759248169476,-0.3615255492956404,0.5168929731762523,-1.6633100787326,-2.274584708082798,-1.556057251900023,0.8157505555160631,1.8353325085020251,-1.040403400928902,0.01716639127407703,-0.014894521576756,-0.45397746079090884,0.4508124753526444,-0.16119138673846575,0.004557871511845576,-0.22154764251997752,0.036955417793949674,-0.1307742930999463,0.6958551700801631,-0.3515589706435265,0.16046899346682805,0.6189898627859406,0.8946563491553544
1,264.8906859207419,-1.237704711904278,-0.4712095842313012,0.009800219594880878,-0.8622753767334881,1.050206469093975,2.0686046947182186,1.1143893649680903,2.152760811641183,-0.333404378199652,-2.1676629738357223,0.024294735511208584,0.391618953684612,-3.2492983983453887,2.2256600368289954,-0.594171999742536,0.3073110569057229,0.38658925806812156,0.36228381067131626,0.811318309847496,-0.33089352476362793,-0.22067154500149302,-1.0073060219513013,-0.5514028376756487,0.20684183804421827,-0.9893084613288209,0.3823932051224725,-0.06244737789311926,0.6580873734776647
2,115.87362103199955,0.42770080129008464,-1.238191860874122,0.8512571656742691,-2.616457159244073,-0.747836095259728,-1.3133266702135744,-0.4769041210692186,0.02236689525154742,0.43100315864453514,0.8125647634552203,-1.3066958346976625,-3.1469068323783826,-1.9321747615087927,2.17269474713192,0.24428487702259627,0.2398335361556683,-0.3855368580780367,0.18748183776196536,-0.3359274636612206,0.015508722777722127,0.14689012317528152,0.5490998035955188,0.13908457546235733,-0.681483868199952,0.6533895170994108,0.34062178842290275,0.13737243844684913,0.1637283711875182
3,80.33894473228389,-1.2912606589366318,-1.0671025949651016,-1.3186121607500243,-0.10336612859736277,2.106741014821842,-1.1229314577443552,0.8854087864319784,0.839998928403767,0.9128648301332283,1.9886844563000972,2.810077973845558,-1.8421007400532514,0.7678895542124872,3.9275694091600495,0.5486158262920146,-0.026448497323867472,-0.11848887782013746,-0.19326110866299223,-0.1701182919119729,-0.36774859188851183,-0.07360861774316374,-0.24335516911572438,1.4427620822207048,-0.41659155343297205,-0.37477444827133755,0.7111576005864342,0.04324290588494541,-0.2642669387282037
4,14.926988600686473,1.2238977357236323,0.5212523064340415,0.18640214219876744,0.8219661630991985,0.6900827883657258,-0.6260411030445493,-0.22998468651181314,-0.8208911323043161,1.6935693558259135,0.7962676028875628,0.3272270376165504,-0.8970120395343265,1.0231006289592712,-2.3001106174907373,-0.6535939477794672,0.3347360621343785,0.9669170633566787,-0.45267723579592656,0.1799353885592606,-0.27028790787912943,-0.8713780072317334,0.08208631590489883,-0.2505540148096693,-0.19677804705310759,-0.6816474998047034,0.2478900378001923,-0.26912420575173307,-0.24213225806184863
5,14.924473688485255,-0.0782323199133696,0.15793844792729014,-0.9090421695990912,-1.8863949544421708,-0.20960390818920488,-0.9740453172933483,-1.223205010295596,-2.4560331987569475,2.389475927725179,1.9458244842982284,-2.1620532274305244,0.25402445282752556,-0.02765531562360829,2.688260429806956,-0.344790034049685,-0.46299167506044725,-0.03143467926171011,-0.18977778615051932,-0.4472253479060882,-0.5532038614612157,0.08965444975214683,0.020283493420659632,-0.2382765340767846,1.1275172957368234,0.8265160137531947,-0.005728509476363803,-0.09371989702436294,0.7318565110915822
6,5.2658116375639,0.09415417433897799,0.5899038091085682,-1.5864857489990862,0.02382837887212598,-2.031005539488863,1.8141065400387788,-0.6742048779317468,1.6154345169953637,-3.951697451482158,-0.3669958396150042,-1.4926874744541059,2.981692891917585,0.10089213013637283,-4.385924536124937,0.45106355834352624,0.28715727818295356,0.23786385062425608,0.19270674122566478,-0.01043866576243044,0.3815375166015514,-0.09610944362897222,-0.47142492979616235,-0.023578956903670414,0.3068234262624112,-0.0066972516696701245,0.114249209110336,0.11091672520683972,0.11040491945552311
7,176.98831607423466,-0.3062102643686835,0.25681726764100415,-1.11944024149232,-1.126512839446986,0.3470683935872535,-2.399382031500821,-0.28638280618358175,-1.7276745517257766,-1.8638520931096723,1.5570686172067418,3.521316586585647,4.765835483757138,-1.3866180644987358,-0.7434281838715113,0.33497179851919395,-0.7351055795887891,0.2832677708760982,0.3502470560636041,-0.1324642672500218,-0.641419677089509,1.0528129267412198,0.4302378258666329,0.2356408325294509,0.6141049484060139,0.3181202138816604,0.7842761761036189,-0.9973209356595583,-0.32533337535253004
8,80.87922951919928,0.8501326223980956,0.8452063213771147,-0.7078202193086167,0.9363211695099338,2.752333341614346,0.8683282051847669,1.0391045248389117,1.34747600284377,3.1603982131561894,-0.6659554167652841,-0.43137548859761726,-0.25975759543778437,-0.7959012704966771,-1.5981717976124206,0.31799397450090033,0.2219712456865287,-0.8991745816591842,-0.19991556249590234,-0.5619258937041144,0.36793799224832247,0.396045410371772,0.5941016630202047,0.21709815646785122,-0.2314056043887055,0.0342998929819477,-0.5737267276039607,0.763812505194743,0.2765649686224822
9,108.35000543000395,0.8614758765547119,1.0538567977859936,1.6181028851310075,-3.240169927818464,-4.094064375120075,2.2187202801608596,-0.2917536089709915,1.9505419277717158,0.663265789206431,0.7037477341750313,3.2442706551543,-0.9580141641208096,-4.707307023342473,1.6153820714090477,-0.05409908702182059,0.3326289983411842,0.1773011946459802,0.24387907286636668,-0.5035416490874772,0.7290355791841264,0.0003085534404341777,0.9040450345472665,0.05951455982465832,0.9908762784620402,0.3895020963569275,0.4741980346815488,0.5054914315909748,0.07049717636434916
10,1.8303391039241987,0.3685597871033886,-2.0900599438393246,-0.7422225193404572,0.9966443872685965,-4.034569700181336,-0.9259805020273033,-1.8222137642703669,-4.040007187686859,-0.2028847917636785,-2.2870964463803345,0.4623642674233167,0.3291193633797377,-0.2788536096603169,-4.6370102065107845,0.17203415563036345,-0.9084022757932648,1.2175419990159173,0.08900917131088515,0.27149371659817273,0.7391006807069771,0.029485324259468666,0.022347547218853705,-0.25473752686214873,0.46711306767446964,0.43961857951152794,-0.025343319177412296,0.20860902659723382,-0.1941718013135625
11,308.31305781393144,0.6212680164984129,-1.025171580497235,-1.6530023253616901,-2.544859236434228,1.1510090291668775,2.355300490605665,2.829992757578737,1.8806731949850004,-4.2337500137072865,2.8448395457981057,0.9172374767910074,0.6128356324035268,2.3535343019858845,1.0240414275430987,0.6298044963313145,-0.6098810625558627,0.6144394127242262,0.016235221810626282,-0.23919793798123581,-0.41289170060893443,0.7595824566888479,0.8159529745502043,-0.02216614125849586,0.26400560926694255,-0.05518828862326957,-0.4563104061613449,0.13365241651730803,-0.599499362351544
12,157.2057998152114,-0.23329863691246822,-0.27765114898804666,0.1709206492456695,-0.29391648471275106,0.35425846409670336,1.851734673395942,0.5293053607407125,0.4582314997804734,-2.4611375460650997,3.4286819651423315,-1.129396095096384,4.080012673546641,1.971716726960412,-4.40217273136473,0.6231026602159258,-0.39390052021147653,0.4339722511827099,0.33437414632068424,0.14383490579313873,1.0810819026759397,-0.03044018139222923,0.550859464804516,0.19242976046138988,0.04946556477536602,0.3110644992502588,0.9497278952670424,-0.12033786034334921,0.5893667888027185
13,21.004511021907334,0.5964233075999534,-0.027213030584809277,0.037934858880977085,-0.9924853630757784,1.0085755737470448,-0.5587808197777387,2.3137211082636977,-1.7456109105641027,1.6810000716994058,0.36204046195736944,1.7016703002925102,-3.177157910847866,1.577867859400715,0.4605184763734987,-0.21742545929827592,0.4947646842222118,0.5301067251737088,0.6069904267703555,-0.8106509585798517,0.2141030964781543,0.42687582431374865,-0.13200626103284985,0.26476899850533814,0.08695081568821578,0.3457756803874104,-0.26278889316772897,-0.11373327930079496,0.6650756392043555
14,17.659751009970375,-0.3716655530211875,-0.8041086885816402,-0.6396689156132574,-0.5049840975324064,-0.7895788926636106,1.3100699663773179,-1.8572628352870963,-3.131586536534195,-0.8900344666270622,3.3104221614926796,-2.514260818504998,1.5575217286541694,-2.060138138616435,0.5880764721215642,0.047346759176022095,0.5086650781956259,0.5573526486816701,0.43945434198945293,-0.3655746293850988,-0.4427293392118011,-0.4943185199962047,-1.2436816998163474,0.45724591828816535,-0.5401131282191971,1.1099175282877574,-0.6167402552546131,0.5064904940762425,0.06746224363376187
15,17.82980520923862,0.0024547843786422007,1.0944284051859667,-0.20959050559996453,-2.1411470594884077,-3.21266600294952,-1.3225875890086316,-0.4311161817880044,-0.12748602736380368,1.035054617234453,0.9277168658522058,-1.5680238970149385,2.5377505066757395,0.9578086604992555,-0.6864928504196459,0.3982227403164934,-0.1992356580748408,-0.493868963794847,-0.7672204052026353,-0.6202459600963047,-0.5519580755601148,0.3681709745694735,0.5184085989809571,-0.09274241013346035,-0.4660926121751271,-1.1433825216960203,0.6555066133019438,0.22817331120610568,0.575887610798675
16,31.922328192521988,-0.3021081243029272,2.375938041948718,1.269095211795542,2.3241926967192943,-1.2479775023785196,-1.7627774546906771,0.3244804037651459,-0.32146370253871837,-0.7609128785129989,-0.19487616663531782,0.7360993417091072,-2.0130266522666855,-2.3413157828418645,2.7461076720077338,0.23190298027559933,0.13700359864492673,0.40400594751611546,-0.20602108325741506,0.2911803805701116,-0.4235534224732356,0.01182646541605465,-0.1956920442233451,0.31663826319426375,-0.1513262887504737,0.5251725673420568,0.2904338849018758,0.041066643667886225,0.023839533690279326
17,65.4656491157552,-0.5029403932511156,0.2233943466980808,0.8719174950189296,-1.8011883086544715,2.3400079525879827,-0.7420617192639115,1.118480606487819,1.965672462664778,4.1456766070550195,-0.9004673693050587,-0.6115042243455161,2.862985599507918,0.6579845095345023,-1.9976520848375177,-0.01427787337067662,-0.547172995329891,0.049086208364866664,1.195150180620208,-0.6129225259997063,0.5891189801005394,-0.16555994278526812,0.2430576055072606,-0.22303184692054584,0.28226610324354495,-0.33156280342782707,-0.14319071134529535,-0.26772909345964957,-0.022472539593841975
18,49.76726187666963,-0.7580229774939693,0.1012092386378535,0.7594992689358504,-1.6907150483660158,-0.6773838502917371,2.1604958497721287,-3.2086611845391464,0.1165360648245148,-0.08372660474672672,3.7207692540887027,0.07524704261335238,-2.2117553613787817,-2.6588223384744936,0.930650372738802,0.382434312054747,-0.11613734017906117,-0.7217087464566616,0.046377825954994206,-0.2040971211385459,-0.15723874991902778,-0.6015839964340888,-0.2951333632530163,-1.864587190368532,0.0113829329880922,-0.6514571283595146,-0.8128793115533083,-0.4438580770364183,-0.44937296282510586
19,30.291623344746853,0.5144591142447741,1.0193475061251973,-1.5387824198762996,2.5127488191197247,-0.6643930046693974,-0.7332898632893534,-3.158141110735142,-1.9578469370880873,-2.830879857031514,-0.30150501515152633,1.1159915885021288,-3.2651688407711164,-4.616903558257872,0.24199446162789953,-0.14283365871284626,0.43589818564246063,-0.17908440206091114,0.43046730150297,0.5536190737730957,-0.06865319217338192,-0.7348499919942063,-0.37626050890057955,-0.2928501878189464,-0.25219016611677225,-0.6744302241622536,-0.0025793879829208513,-0.21695620337062335,0.20627723099524253
20,83.28063690318228,1.4416665040948098,-2.239007706244123,3.75251248022992,0.4517822905059296,-3.944099990197384,0.06668100920394963,-1.124303597443128,-2.796722017578344,1.102762058465021,-0.016625009458320468,-0.07949388376148044,-0.508638059295261,-4.207495162389431,3.72588424556889,0.24389471535504448,0.4984586102068141,-0.011047815270132743,-0.3843103695913394,-0.8356869337474843,0.10697657686289963,-0.6012349925670767,0.7030825996777104,-0.36193399670935505,-0.45526240731453604,0.5810085889601886,0.5144784266080055,0.09591830760716215,-0.34109122431377065
21,13.220638528005804,1.2882121688365156,0.034162728526092506,1.3666278733564885,-1.7559591328448376,-2.70671997696805,-1.6070016841913632,0.9296003116648791,0.26359140523462654,0.14219280985470972,1.8567121684772732,0.18544695973338865,1.684431273720178,2.1507385915538713,-3.859477411022624,0.05279322933510438,0.7334827462510555,-0.4026771665017921,0.16715408506083826,-0.6007686431227519,0.6581106286966473,-0.3772772158900642,-1.181471910207992,0.754769258703471,-0.701204226649079,1.0684604072083137,0.2657817265650258,-0.13548241137244768,-0.4390388570591804
22,30.4053650562114,-1.382221869539979,1.17484299056102,0.6721371321481333,-0.18030274626538365,1.6652507458704435,1.3866435612890933,-1.1438280950315345,0.007632620313894059,-1.1828879537127261,0.7652905827957,3.877923888549105,-4.193124574942354,1.9877159965359459,3.801465144637064,-0.37830342498501984,-0.40488052411497183,-0.19308824860568724,-0.556994915756515,-0.6529903013450025,-0.09170818796215129,0.32993881930939345,-0.5285354292930317,-0.042365858029862216,0.034463459972049276,-0.13899229358045487,0.07819129375959707,-0.19511579781859795,0.25446344165081913
23,40.15239520343454,1.4181233565475608,-0.7717847966413341,-1.5136053067163724,-0.33002125700011825,-0.3891420824555495,1.3303359028354877,-0.2158361687271369,2.3767484508754007,0.3810226901660984,-0.5922177139100093,-4.190602563216645,-3.8208684797242776,-0.4358566491231062,2.9437772248778855,-0.6332444256109512,-0.08673692409489558,0.15828711653619218,-0.3093270032101175,-0.176290498227849,-0.4383246971660206,-1.250374734100318,-1.0866755940579205,0.9654418409344805,0.5514260315731807,0.49853047753918067,-0.2789808337088808,-1.5341036980800398,-0.06304070127343121
24,53.5862525316602,-0.34997435177972175,-1.4718726958823585,1.2320491465543397,-2.362711172604483,1.4868028284832866,-1.1268791572862427,0.0881482156958261,-0.8853260523818924,1.987483031973587,1.8791392106482123,-1.0189817175710303,2.3618587335937753,-3.009886592226811,0.9239197005417914,1.0557422957953566,-0.5145496845235555,0.1735460172543058,-0.6680282464076231,-0.5783423047211547,-0.5745195680811137,0.15911337662755226,0.037416079245217615,-0.05470854808513876,-0.4425878211162053,1.1695141671406584,-0.07491096955127564,1.0161688183843107,-0.4032564385005795
25,135.33836897072024,0.6608063166601509,-0.22296673211973397,-0.6514670633891266,-1.06156763162552,-1.1305490573445631,-3.7072831266867845,-1.408155992433265,0.7536212884717935,-0.4550817170943244,-3.1604886995128174,-0.3967975888940309,-0.3382092411662104,-2.520264556229111,0.13777192583785308,-0.6139174286018343,0.06262733921082131,0.24881717404411652,-0.6618132630748801,-0.41699071272519067,0.8169446812382586,-0.1185733938878339,-0.5284565472101872,-0.10602786650242188,0.22151994482747508,-0.29151759374117187,-0.09251799111885047,-0.05803476307719451,-0.7868621902909543
26,19.600755867324747,-0.9968368652519323,-0.07282251984230476,-0.2525520460267552,-0.03693299662542113,-2.201673056984498,-0.578764435628193,2.489145696944422,-0.23899267373606117,-1.8144983578826985,-0.17896115747374755,1.9815838738110556,0.8278458900295927,-1.5742937626940894,-1.2739534284340015,0.03813640005895617,-0.17100728597103537,0.20107244698824722,-0.8230398557558743,0.5824279967284532,0.14914194625988433,0.6687438845379883,-0.6061947414309289,-0.6537402068016306,-0.6878609680908208,-0.3931655120433356,-0.7312979610442154,-0.49452200336722224,0.7469179619796389
27,63.53856564291524,0.15617790526140587,-1.09038273829855,-2.185013058877068,1.772985068172573,-0.3913853713277611,0.7080512719195472,-1.3516103004686444,-4.864184719423597,0.39308717530367043,0.060996834635973586,1.5948936700669978,1.2878049048699365,3.167711073833625,-0.7408742879257519,0.0776349844428232,0.08246139085325453,-0.4687047941325003,-0.5388082451870337,0.30845104640179366,0.5280261775817259,0.3838115191371674,-0.28991041717912214,0.019466300670086638,0.20615377628586537,0.29667414434997263,-0.596141321544742,-0.26397738719880137,0.32085008210843863
28,78.98041547525892,0.3450955011865978,2.515393531261141,-1.6139280117226622,-0.2643617805164415,-0.8594296786991971,-0.021112299139686277,-3.510698109353642,1.2888835004085042,-1.2198347183719267,-0.2937649855966406,-5.257136217650938,-3.2320412840165,-1.0972259291162596,-1.493101093069756,0.05760050674575134,-0.16181296007521076,-0.7942583897494926,-0.6818277547534224,-0.771835349724408,0.48626654513776846,-0.05919535260283368,0.10228446688967237,0.2770281553402889,1.0279684921578953,0.1661817699512139,-0.257651453412102,0.09534550241964414,-0.5829626962675352
29,4.185618778563952,-1.6330652711116183,-0.5744356572095347,0.5701104484752755,-0.15910329065961015,-1.2496352641739097,0.12876913418771205,-1.6699944244711966,-0.7669763254514941,0.6225076425703779,1.6616987072574196,2.3496696889345157,-1.2814824489229042,0.022921771278192615,-2.907225309378041,0.44117852441203853,1.2864222627528714,0.14558929228714187,-0.5281249644585724,-0.04697791212001323,-0.43867678043738767,0.13649504378392238,0.32596707121201535,0.7475849989147767,0.8421528212226467,-0.5146153303198356,0.5005801634546415,-0.5307562268547463,-0.31152035659447913
30,82.3093058171657,0.6690938829786083,-1.3843912217118823,1.3081050778516368,-1.141233339344279,-1.2105140749263459,0.5592443679405477,-1.417052308348024,1.1864146722395,2.4072987030401176,-1.6692721552164853,0.22168711691845358,-0.08850883145297725,1.9663505579903489,1.6653767763836982,-0.18847357538779425,0.21237468453652886,-0.09777143660968186,0.07227261482484691,0.16394474796893466,0.38171957647649535,0.8006532228798597,0.3862760224490077,-0.3551766397277678,-0.032539109220027576,0.5930191515570935,-0.9194462690414367,-0.0914665211180452,0.1362937529199548
31,16.452590174012645,1.480528508622147,-0.11234558288473376,0.8903757457335457,1.534247093691528,-0.2024071539469548,-0.8175295889043275,0.29520364857434284,0.30463755717950103,-2.1702162843576005,-0.23676446347791255,1.5272963838281604,-1.9660923458118815,-1.15516520043025,2.311941061061811,-0.1486284670761667,-0.3648819123103432,0.012237714715605613,0.17606046896755678,-0.006247949498296625,-0.9803665984531411,0.05736337459316662,0.7562441502858885,0.27564505008200874,0.6801478889621024,-0.7479734184261151,-0.06604242227822993,0.3526048259251377,-0.15714816065556814
32,5.919225917378773,-0.19211274024979072,1.0894327652453895,0.8460646957658334,1.263250452101332,-0.7373529426928105,-2.0085180565999683,0.3825515609964993,-1.7797885701043685,-3.50744728309907,5.017721983793452,-1.1349250732332545,-0.8694239403371864,0.1533413371576604,3.6315428360670334,0.046859819567026104,-0.17000265134263304,0.041217251005913995,-0.339364694373076,-0.31369720908087184,-0.55568130307124,-0.27926711569490287,-0.34947095992899535,0.05557084560902677,-1.2642045261185035,-0.12142094697277664,0.5681965783604194,-0.37359704519455017,-0.004648079104943529
33,261.68452582860994,1.4961849439108144,0.02089709879787716,-0.08419639404761875,1.1050686821741245,-1.3984024907433557,1.1824079126257523,0.9975417466589908,-0.3136155315702417,4.355916329358997,1.4387006438644216,1.2871850009982395,2.045856216569586,1.3792811268640224,-0.2729468319288902,-0.8362295620346197,0.11168728421823969,-0.246135288766957,-0.385705258780832,-0.20504896385197915,0.21203336926182936,-0.13236428198682418,0.22403650802931993,-0.20428129118316848,-0.11724043527626357,-0.5623878274462235,-0.4878581350995353,-0.2520901306926262,0.9344799855327512
34,296.6154701365832,-0.2086628427976483,0.5827127040528027,-0.5287191199760758,0.15657441109741432,2.707071559924942,-1.4158387121192104,3.195049622867049,-0.056459342668620176,0.25254544918064586,1.9813260472111587,0.8593722491888682,-4.527025197134654,0.8571904017283251,2.0444909727658027,-0.49532473950467415,-0.43781954420889024,0.16688678091068582,0.16264351900947446,0.36414639510299457,0.6271422123407913,-0.031871183800152754,-0.3130912953644182,0.16527781039353104,-1.450635774249152,-0.44472513151679843,-0.6063408090011407,0.6638674771932984,0.6893167559764706
35,145.40517840753316,0.934542984151279,-1.0458127131997887,0.3755636866350116,-2.2380029866651467,0.6869325372478483,-1.9225881351669878,0.04823151801310916,0.3312252232831949,-2.368286729168572,-0.21949283927885582,-0.23734141879794768,0.35646578827687836,1.2461275905306393,-4.2759904109239155,0.6208697857789273,-0.17660462048862327,-0.7414429098756772,-0.10527554144228117,-0.4471280976007383,0.9090331477995317,-0.2823811151779669,-0.2151142306816187,0.03943954919810219,-0.4500719823630589,-0.9050087399598135,-0.019919532230135102,-0.5513862081345265,-0.43625304166614026
36,31.96933167725073,-2.44042696254621,1.7852261356842163,1.067830820030356,1.5213378583802493,0.23772413117280183,0.8001035581402709,1.4356573219108573,0.9221889723253941,-1.9025302491983134,2.7668419499315307,3.421069467729082,-2.3016787789923,0.7961593384892763,-0.2758352015066164,-0.26456025513598014,-0.7201030405808178,1.149610076570595,0.19011189886113888,0.04521822817768995,-0.13665034542820892,0.4941728122232612,0.030266430479730894,0.29694902040025123,0.13607580629077282,0.06727127784683341,-0.342404878803676,-0.26503053412709066,-0.155189782592974
37,9.044403720220549,2.66065555724481,0.674053233502132,0.006320931413668739,0.08026164711289417,-0.09981810305224736,-1.7693025649452805,-0.7565169115416387,0.05492673992076429,-0.9021980026598991,-3.162904893307474,4.845938477795715,-0.6214732747451617,-1.549863132513638,-0.5623266966214692,-0.9731651654925454,-0.269104719471061,0.11072923261546125,0.34521468855380183,0.5498170322113578,-0.5360407888658364,-0.9730696296898649,-0.12002513295325609,-0.41037284300202764,0.595049392438673,-0.3076457111648984,0.5607315327698627,-0.2150415610291064,-0.3332267958270296
38,101.44206715268223,1.6450040697672528,1.2572418826531315,1.5733276258874263,-0.4320281300808814,0.9984219997432768,-1.3090992935652834,0.49224673715948664,3.1431792684423137,0.5739475223298831,2.2497190185132805,-0.09381044077264712,-0.5589758869235082,1.0712118751138853,0.7246719586382978,-0.781806757208678,-0.4482046134112513,-0.032326656997602864,0.03694879331908346,-0.04775015553172574,-0.7533279438569782,0.5328470258159178,0.47470171202807915,0.3096887811431846,0.6153418659949579,-0.01834246224066492,-1.3088908941387776,-0.4412429201074201,0.5276575259941418
39,51.047994147515055,-0.3130880546790468,0.4381927589702032,-0.27959004296080997,0.6278426866496841,0.7977351500451849,2.5289249013260173,-0.5926615700143196,1.512969259723414,-4.5917212303224915,-0.4872889251859742,-3.406249824534116,0.24007026697235548,0.3554470205658737,-2.208913999533665,-0.42525658462991134,-0.9796780058323993,-0.4278843359251339,-0.05579789695616361,-0.35995929627841095,-0.2463014667909121,0.29297122791680524,0.012210383520626214,0.07190478202165161,0.8336069782999642,0.009428160173558034,-0.48534142456599405,0.33389424692992403,-0.40157858118229867
40,11.453396587991481,-2.1692979293082,0.9898608452745411,-1.2743626158848664,0.31386558535922243,-1.551418732645168,2.5417013554810066,-0.2538235618208309,1.7927724241757916,1.3275850735808745,-1.354488639321766,1.1030322102545358,-0.16198709404431183,-1.6254446072262418,-1.0998961676036392,-0.27180252933174515,-0.10046394316177203,0.21011928563478155,0.5485998475954311,-0.5782711441050163,0.5930712534889326,-0.036503336383261344,0.36229356378972405,0.5456621039099073,0.24102520356965174,-0.16439116143042748,-0.8577311036179001,0.4251710164305102,-0.4939095535925788
41,60.15215607580521,0.31683120513603813,-1.047663071612673,-0.013470914653301047,-1.4968771909866594,-2.2984051876911997,1.9060259990053794,0.28279422122196435,1.4848593287186422,-1.3054372677850055,-1.496004026235935,-1.573310007142455,0.6625370090107231,-2.593854498941651,-1.8579780465208806,-0.2424262285412685,-0.4013104172919493,-0.841700366964107,-0.7124566197262698,-0.09403977294182296,0.5797615762182099,-0.5200012810191889,-0.925422879519928,-0.03818643829275523,-0.5646796847229197,-0.02420787551718165,0.5682236176993629,0.7620651974387675,0.17916644877180632
42,3.0794474870261594,-1.5883181017811328,-0.589692500027475,0.13776396173743893,-0.44911700608046234,-3.4111268760809956,1.2149859693921412,1.6726267655393194,0.13755716773088378,2.8181291378251214,-0.15916921165512074,0.693657959220083,1.3566512982001078,-0.9872697001920946,2.1774841595481376,0.6909700641476002,-1.045540024867473,-0.09533372116767123,0.9124993041085849,0.34035686501442014,0.7030051070951051,-0.9016553596839639,-0.0441500804414681,-0.7919434665274397,0.7750103682278712,-1.122862814605882,0.25160598960790986,0.6354906874005567,-0.25365519980098805
43,211.2372140905861,0.4893388913132369,1.615776714667236,-0.10663908745933229,-2.6657299093819278,2.6878966673169185,1.8502367792485002,-0.09151837997898156,1.3173341500786784,0.7336010105275557,1.9569826001950805,0.9448005735900068,-3.4537678749534635,1.6011729126605252,-0.2529983304660896,0.13819837966090193,0.429316088837988,0.8271703140133843,0.07089162757385385,0.14252539688198523,-0.34280385969882704,0.4755378952399333,1.0573486742341218,0.3021178012321346,-0.4551737154042985,-0.03063249308703758,0.17871522166107978,-0.9051106573888223,0.20090372031240833
44,26.352284361980374,0.45272229108071016,1.8716903367407565,1.6648522291469396,0.12043728843854072,-0.6679649078280885,3.1401669738004503,-0.0962117756557746,2.2478587170382767,1.6993812858827027,-2.4470646345950273,0.3546695401287147,-0.7674780053561846,-0.11317637389847575,0.0945269132949234,0.5870782571151771,0.44162203180297604,-0.5774586890876,-0.2702949102304168,0.42132216990317256,-0.41683653927052805,0.32064162945451047,-0.40391061329525507,0.3418145914417312,0.26352868305508764,0.6854108801983476,-0.2887722553282433,-1.1217826839755782,-0.21437672708580208
45,95.59051027371827,-1.0355434859022274,-1.3764787196628923,1.0468925749412505,1.862178874221596,0.8880893072524942,1.7506106817332274,0.5329474236355639,0.22683842549308736,-0.44476271297690256,2.993822348099555,-2.160370150801567,-1.733845493196124,2.8850417846098666,-1.9094624265285256,0.15583221343585496,-0.37923560737605305,-0.08266519405190258,0.013348792192238362,-0.899162358701118,0.18695418316837684,0.08838543031083278,0.5745090872910624,0.3532906648836063,0.3832040950547627,0.2565373167602069,-0.612184408154858,-0.7798987622585309,0.3001860294435518
46,32.87209918587088,1.2330637259758155,0.2996832814365746,-1.8602232852082228,-2.513861192455865,0.30309190323342594,0.40204543147378957,1.493605445431741,1.8913593989957151,0.4660039207574449,-2.0108765013493684,-3.021068071278861,-3.814086311909693,-0.14150159727267153,2.101150673551482,0.21350135414109864,0.3197312160943206,-0.19463108067740723,0.0581207458141821,0.15080902863954973,0.5656150298627998,0.5828008794962091,0.4678619829511806,-0.009586423243870566,0.10830005770887917,-1.0947138421745506,0.9763537919661719,-0.13903253103412097,0.09214969285550556
47,64.60175884001212,0.8861321730867909,-0.5171325605822729,1.9946771184577718,0.18007929773606648,1.3688381074924232,1.3967183872743962,-2.393675407481421,-2.3440254685990967,2.6301240479561474,-0.7059955601781397,-2.3074723801474115,-2.167391711778408,-2.1215553642886134,1.1413597575658414,-0.15707522978597718,-0.49664509463802314,0.17983647420198598,0.21665786965437792,0.06669544582158132,-0.6063368142473079,0.2843335328060366,0.40290682009149215,-0.32820676797205844,-0.022963783573428667,0.8537685145384475,-0.49318189533412543,0.7341274514331693,-0.1399323045417687
48,69.62769422239819,1.0734056710174198,-0.8364377632378339,-3.5638421790779247,0.9358699473123322,-0.09680679467355185,-0.7439063603152897,0.4146488301458576,1.9782200322101855,-1.619095658395166,-1.1129956191320298,-0.20443940808204808,2.246171801330279,-0.29006501874807433,0.07966570804892542,0.5737435405781807,-0.34632495492971616,0.1670711611788417,0.10685763498873828,-0.7581506135437855,0.12337829623562621,0.6806467645040809,0.3136847346797919,0.09488655481366375,0.0737813725200609,-1.4965905667458357,-0.10197204622951869,0.140589366865947,0.05158964288906453
49,17.986196756695705,0.009743474035784917,0.34180763442653994,2.796331684708247,1.1428997772142533,-1.9919536041438626,0.23411305723284934,-2.262854271703305,-1.3876987434634278,0.8400017487342865,0.08654422532083675,3.020717516087608,-0.5596561875372473,2.1097917328432194,-2.073111263767632,-0.5305546922172983,-0.1659305677507675,-0.22921017239481964,1.0144582487284493,-0.8156086892357514,-0.2820033952998838,-1.3240173097150432,-1.3555699055581252,0.7027795120840685,0.23178573532511756,0.7295130097208165,1.3449802923192344,-1.3038028868407547,0.6387091012064673
50,307.36702768078794,-1.5570764736050773,1.3691555188384896,-0.3734971676239393,-1.0446656651492296,-1.5556752299994403,0.3052709600748449,2.22565819762732,-2.3479186038363165,1.0183096038387631,-1.3027676989648977,-0.6283599010201245,1.130082071314106,2.7464857294779024,0.334374977663064,-0.08656787555783468,0.6560204886770293,-0.3386849900403338,-0.2735494332498136,-0.5942045255071698,-0.5836853672808145,0.07411278954954545,0.1167074057761524,-1.49446710669198,0.3000207367748697,-0.3226697884436889,-0.5914382833517887,0.38998580104586944,-0.08228824651917363
51,131.3175931881564,1.0756594994322515,0.5419949679410326,-0.24643805764695031,-1.5431230215310052,-0.5261373315054301,-0.22093304229622876,0.5758686813520163,-0.5023754995460835,2.5886737180654986,-1.1609369208169869,2.31824913614771,0.9503548614235282,-3.286891898363765,1.4512898166338146,-0.6632823630839365,0.0037991803591517054,-0.04406458425654931,-0.014791956106858593,0.20202427615039173,0.5167171392012188,0.0905755164717469,-0.7160215866638929,0.12861200186606456,-0.6565796730111882,-0.9180542522981697,0.07466989307123363,-0.3988791634432611,0.6106796462193843
52,246.84830889765925,-0.2974085390493703,-0.383414939902842,-0.07802111066573204,-0.8218727511715466,-2.377905118218944,-0.5037498425004541,2.085196298842445,0.37328189850253435,-1.2176186516408265,-2.429938774030856,-4.064667337204258,-1.989963850951383,0.15359757514455813,3.2186234120706083,0.27995088275999613,0.37537288772830313,0.03473702692614152,-1.0279895871723568,0.5480184934403388,-0.13228674997132872,-0.6553611163515576,-0.3211510425696577,0.15335086194836417,-0.6717978302090508,-0.3802621271003288,-0.08143336913728658,0.048222202867408866,-0.3616823283793499
53,198.1893757830093,-1.528758157511936,0.617833415922192,0.5007670626922346,1.6672194419432325,-1.2814910663876151,2.060578778297939,-2.830221910484139,0.6025421377419656,-1.6119668749255356,0.2619251915212014,1.0033527670494868,1.1846386974518714,1.058320982778319,1.9240426692402592,0.7685137978824481,-0.8391666771019307,0.10868058037649517,1.429484838611037,-0.23243328620138756,0.08423304484026692,-0.6833923318077314,-0.46543366497413524,-0.2958928909728444,0.8610676174233474,0.30414062194706987,0.11251163695213083,-0.2538632399925499,-0.6679481417984718
54,80.1727882897282,1.4872433025717586,-0.43197140829708125,-0.00034216164689597164,-2.393377903453549,-1.7982336402952726,-1.5247640106932776,-0.2870965451100276,2.322881049677263,2.2594824481834057,-2.67677593103881,3.4272351358386572,-2.427671083177323,-4.893747829396967,-1.1182134287253507,0.23176528921419554,-0.27090900827590586,0.015337417006600287,0.05536673260106588,0.14276482127750645,-0.2544792033390972,-0.20026854056314594,-0.14860196788943542,0.27923250306996117,-0.3366145572756145,-0.09138349872672961,-0.6146630500548004,-0.27830283106707787,-0.4795475879515843
55,224.35031337570766,2.3093482725527603,0.4945371608767223,-0.17341374548844743,-1.7023537930725348,-0.4930301504248353,0.23643776491072838,1.4796068058580625,-1.0029893914454058,-0.42763159796025296,-0.5901292750299075,-1.867168100515811,1.5948391659034042,5.205113208231086,-4.664078751926906,-1.2627245016606787,0.3810242919591434,0.6214552685802733,-0.026043364852206353,0.11139476409218474,0.55008403257596,0.040541580112836435,0.06517722058416331,-0.5063546544754545,0.08265817615504914,-0.15821274066961857,-0.13370497053234,0.7561727252691481,0.5115454075330105
56,8.153680387874175,-0.04537294187712333,1.67575884054688,1.701593802163041,-0.6422772783360947,-0.7440482965047442,-2.0629263125300787,2.3870323213109197,2.9592154282017176,-1.7078195750899985,-1.9979751744429097,-0.3604580406919889,-1.308902489709628,-3.801335323326176,1.432275059481064,1.1302735650122269,-0.06955580166198332,-0.1136241343909563,0.41165780588627104,0.21257769440023494,-0.5676683246992943,-0.33362337072140175,0.9266170188243653,1.0102401789712738,0.09481813653889334,0.18814442892306468,0.07515574012572313,0.3185130107965467,0.3503883157354511
57,19.195853127551537,2.375033270063621,-2.492591591160993,0.7352749036761046,-1.3659397050769908,0.1792226292819033,-3.2123449017017567,0.5957553382908906,2.9630487317301455,-0.9413433947440601,-2.1507270446961493,0.3000747939827219,-2.9343222586928626,-4.007664456146117,-2.9720082682654527,-0.13221929719087344,-0.10315866169658368,0.9332172280629106,0.35618162983647617,0.6735431663253987,-0.6381965230486992,0.6196186314742722,0.2816152250542679,0.2800242066749235,-0.2502891940767948,-0.1773635764541525,-0.2881121821374329,-0.05607614429856387,-0.6657885479829572
58,4.072812980441212,0.10044620147248459,0.9567027582480401,-1.2464450106819898,-0.05834182957965374,1.281701016534349,1.9122952774807747,-0.7269681686513174,0.4061273187649581,-2.632691053551845,-1.4962557067480196,1.5104063135308505,0.3090330041464444,-2.402334800780827,-0.29083111851638466,0.3341941691955354,-0.20742283519061003,1.1273394342356888,-0.5053328708044443,-0.28469139544493755,-0.2935282045229135,0.8032838013788797,-0.16501469699720925,0.4299480133898071,-0.556108733939125,-0.4662979070493855,-0.609026393537704,-0.0803382973247004,0.2840853170929619
59,34.63082363867164,-0.4185014945829863,-1.8468659058845622,0.962876088636442,1.980336315200256,-0.36392277868976286,2.0573912982594598,-0.4588711549729335,-1.4895201038604742,-0.05297945444777044,-1.7218978625046133,-2.3619798387211053,-1.5534756200482471,-0.1416974224444155,0.5867187450383042,0.03176047815913338,0.4328262795926403,-0.32844523061301373,0.5209111203497333,-1.028493194588357,0.01541238540551322,-0.5568252140884689,-0.2892607184179417,0.23544940922443028,0.3037828146155448,-0.7213844782155269,0.22883854454456,-0.22778663743761174,-0.17914064515412384
60,43.30746567789124,-0.6935042996040254,1.4739932526533537,0.6813391041383409,-1.685345825531541,-2.2536147591186366,-0.7766511740640707,-1.771643676996915,4.483449815760722,-5.473962525098403,0.8811755095214073,-2.5784626057901976,1.3844569530776494,-4.761026445242908,-0.6227893566452806,-0.30162214652815683,0.008856854008694612,0.3210603955217377,-0.3108116284517313,-0.15772733973262845,-0.06859907000449453,0.1833705945003382,0.7488743407265206,0.442728458123173,-0.32538129216590844,-0.6677644645994434,-0.12641484194452338,0.29436657042334075,0.34206387242965863
61,27.857319002376663,1.800790648792017,-0.7644307318474328,-0.7088558432555846,-0.20491264709687318,-3.0725060667138266,0.08101183957145533,2.4867260836438008,3.104769331431173,0.5051248952943577,-1.1151158431547354,1.4430017187397202,1.5645103946162957,-0.8191139447633654,0.742578797713892,-0.602215476256994,-0.6614434956659918,0.18225289032844125,-0.7557034990046647,-0.6248829573511492,-0.15455023080530422,0.9308375145360998,0.22510464781355435,-0.5056791067105889,-0.2873293080463201,0.37761584188875885,0.524915001289241,0.760573518552142,-0.52139803190891
62,155.28109214120218,-0.8581582695265491,-1.4612056531277808,1.0297799542708097,-0.011551357160667188,0.24347671421324762,-0.46286971678807237,1.107210409395029,0.34282472941132497,-2.929502638460014,2.626189575418915,1.1088752509619173,-6.570300345084683,-6.314386004174451,-4.192894478775197,0.27608470983959643,-0.35906503889023944,0.29026275244365396,-0.343675435138977,-0.11932257531570155,0.626866629871404,-0.05982630812738776,1.267281789766005,0.5522120031658097,-0.5352687555018525,-0.17227663330885062,0.4104542810276011,-0.0655630921181819,0.07858350920322818
63,38.82797595862857,0.8087962409724863,0.8343230725064968,-0.2048443815899517,-0.4684207479951453,-0.9982492978926438,-0.46119131281347264,-0.3047922909543406,-2.4520012120838297,2.4104442129293906,-1.367845217064628,-2.0217191961965604,7.576219337828547,-1.4695883095315636,-0.017411558631419643,0.477165304409711,1.1251993759436087,0.14677671863120148,-0.02403438208906281,0.2736855095166405,-0.2905664820366755,-0.3271100425553714,-0.32186761396987074,-0.7136028494088483,0.8905138753861008,0.3913645633482594,0.5705246130866286,-0.41585166565393294,-0.3224578591722647
64,29.02264993181393,-0.6150802185651292,0.4370040757708929,-0.28817551376263084,-2.20979496651371,-0.2360420832958265,-0.7808485289751613,0.9246914880977203,1.1169139813304771,-1.3408429716156256,-0.36213711821667377,1.3164999686354755,-2.8235178558595364,0.5626353422352929,3.6379782419474553,-0.3342283187204752,-0.0452253726226962,-0.3807505416059197,-0.020226622045027665,-0.44413117946283015,0.22973398085418567,0.5292656795847615,0.500646299888088,-0.05970350676566824,0.6039437353052907,-0.17291367264794819,0.245836549634744,0.02054975275201356,0.4398636913224728
65,68.85182332228165,-0.5063374388317995,-1.1990242835539897,-0.32358705266281473,-0.8929557310476463,0.49431173272830453,0.7361228105197024,-0.1877702168244747,-1.0618503390963656,-1.5733286231521937,-1.0816347532736408,-0.2735623700111233,1.5771689453446875,2.033838619610235,-0.8759541464769901,-0.6999394571001347,-1.0201379855243424,-0.4292810409643892,-0.45468414244257416,-0.5694000841974609,-1.0649972580454314,-0.29510822570022155,-0.27901681888726276,0.04449680765433601,0.11310486397695287,-0.3452062146172953,-0.075628286957196,0.8767887722233904,-0.620845663906584
66,13.36703700821534,1.1332746633665236,-1.5035997086020725,-3.156553474038119,-0.888770892169714,2.164765520747312,-0.6098566806611561,-0.5122843707134532,1.5732086760723911,0.07994882865575915,-0.24562871349645726,-1.883814427331585,-0.9957505843229207,-3.9331968521943237,2.003195587939817,-0.15063824421688352,0.13378031605700574,-0.18068388650163675,-0.21834830716718492,0.38327723303081324,0.158012985622535,-0.0710084107867833,-0.10448764893993075,-0.19481176276229223,0.40161439923771414,1.2817195384947067,0.49704039157634,-0.28061256939165485,0.27916134933333
67,142.60255642817634,-0.418040530918289,-0.2249777849895387,-0.6847091328149819,0.8869055378926093,-2.621258230338875,0.6640205426047772,-1.2842063157713508,0.4131047763675126,0.7474541928598983,-0.05199751411688251,-1.7335069490339996,0.7270576356168387,-3.3584970462105566,-0.9755529070260138,0.8818272542045421,0.3664233342522038,-0.12159646129690986,0.023894565496217598,-0.3465703328978475,-0.16552330495629813,-0.2137438820817798,0.34209273539925195,0.24802189201995373,0.11558901863391827,-0.5869934522994483,0.10850290934705813,0.1041651550658321,0.36360185926796423
68,6.817876455395193,-0.44527491736232255,-1.4449043402054358,0.9271252147632816,0.5874110167779062,-1.5186864381790919,2.668334759747301,-1.2544614543968104,-2.8728692040372987,0.06722157833866965,-0.10048108171933852,-0.6297620470525223,-1.3737945446954312,-0.6517334444815159,-1.2497486250968242,0.41012794260046614,0.6479290422576421,-0.8783212681075003,-0.5271069460590373,0.2803304094669152,-0.9128565331474168,0.05230916102367651,0.12096269589507773,-0.39990857433140375,-0.552967834570042,0.0844340205487816,0.2799481935430997,-0.23684997735572597,-0.04319739764162747
69,381.40487788368415,1.2460851668922879,-1.273767567508353,-0.029134615774891893,-2.172654049343117,-0.12785144092664721,0.6232908299850684,0.6471603297889698,-2.1239326489599835,-3.0802062167801725,1.2735759753752054,5.975884791691614,3.241886018037413,1.9569719482524897,-1.5608057036252272,-0.06641184841866164,-0.14122936572355135,0.7190061673639379,-0.16502625767949466,-0.9041002418296255,-0.0030117633144915302,-1.0512921104889525,-0.3338420557362379,-0.5882310911370247,1.3991106109555016,0.7198848828694907,0.265237052825254,-0.20507953474042834,-0.21048611290084177
70,130.194572309253,1.7571370225437857,0.13874494850572025,-1.6707423588124746,-0.5419909012234906,-1.7102903779001295,0.1996792313181268,1.7808137619931925,-1.3719186427928092,0.22332004047303497,0.11592140292148527,0.45451727762688116,-3.1550257724260753,2.709009251790103,-3.517909109014074,-0.5727903358103291,1.0370851387477225,0.276156193060813,-0.1655999613169187,0.3286018131372223,-0.23633754215181513,0.22788125614566684,0.0926581507164148,-0.5821251802427329,0.023540602496233822,-0.08566141076383622,-0.3124270359587016,-0.0691415855197373,-0.6488409751321756
71,19.495470764517965,0.7091587836126567,-1.159045961106116,1.2540206317496487,-0.7003572914572589,-2.233583952023332,-0.914373328056964,-0.5718851870646054,2.953617873125469,-0.1499019429160893,0.4905212470026382,-1.7171989613272363,2.27420797424706,0.13784627876118202,0.796832785213981,0.15261862732891496,0.2506129615003974,1.2080042834107179,-1.0456409149591583,0.3075362431744741,0.07454509276783532,-0.14663420230826596,-0.2813920400361124,-0.30209985927959204,0.23346480922884377,0.0011684707323257808,0.2463455589415667,0.23818328643689704,0.21637879354034037
72,0.48729299308232177,-0.7202467531863442,0.5118471480318515,-0.3881802074064143,2.736573397204145,1.9643660530233338,-0.02302058494953021,-1.3478236373882202,-1.1698804702760754,-0.22238142664680816,2.3824023082148225,-1.664897765414584,-4.209499679798756,-2.4403430862860813,-0.4429113055172332,0.6578780840392925,1.093596147670904,-0.929064696699215,-0.3201110821463141,0.3083504497552615,-0.5649502640528291,0.04018692193712236,0.9873348515747389,0.46988203349281704,0.0038526856192557107,-0.3720655878143097,-0.6674953785561212,0.07129904479955701,0.5394818979145177
73,148.71091641877908,-0.5616693492273375,1.788172315060172,-1.58804813785998,0.40923845242227125,-1.5719355607665702,-2.6727236931505307,1.6191750447727407,-4.092753541883665,1.0999422144682296,-0.6003145890999357,1.315889320463771,0.21289782169202473,-1.7937277238192368,-2.5872678261071087,0.08806159994884043,-0.053901701597961545,0.49043614986072115,-0.43054679864633566,0.8714968973715276,-0.2228811075448974,-0.6500713631967844,0.09107863230198618,0.0245580725937176,-0.839233215806016,0.34344925777668445,-1.0410533657948147,-0.6828847013053585,0.46103003953529476
74,107.98443985005993,0.08790679011404125,-0.17826649788069884,2.8678162001723195,-1.508413786642749,-1.9637778317350092,2.4634769384236286,0.13436542385382155,-0.36286411137576324,-1.4695375540178472,2.5631290173913013,-0.15072104624881988,-3.051022078333694,-3.3539478217230343,-1.645055438229411,0.1222835613940596,0.5840787825026279,0.3080068975026779,-0.26875155653100685,-0.18325340823047018,-0.4942090104872565,-0.11837670511932083,0.43960842487746105,0.22080769919036874,-0.8914847633548734,-1.2476939895319705,0.041887522250621596,0.13725276434676348,-0.5015555931924555
75,114.8983359733439,0.3530230681182233,0.1561812743827015,-1.3691243728340825,-1.0875170916423111,-1.7222242322712957,-1.5328889641511272,-3.7948558268567485,-0.4704363317612916,-2.1520721015343334,0.32730492238901254,-0.08561467876621748,1.569012641640665,2.3618313933300303,-4.230757889117777,0.3856461452052841,1.0076207041986225,-0.5053889712501443,-0.5399955810241853,-0.626764219255809,-0.17790124099513618,-0.011883882669089517,0.1906196013563911,-0.3272478001763065,-0.13542811587943038,-0.19378985065478574,-0.06476332574853026,0.7173191220613591,-0.5623945829870276
76,129.81887829182918,-1.0866525011537491,2.421716079402584,1.1433389646714232,-0.5299635588735451,1.6289906926194582,-3.0697660395968804,-1.1989535370912985,2.8616598047851802,1.1681312949390825,-5.371036080923715,-0.9357974228652931,0.7526312668031564,0.2456663247495364,0.7898705447052107,0.006411082140672015,-0.09194920268883502,0.18092306596183058,0.06312246661972744,-0.2102264341065572,0.5128348235002547,0.10593598578502579,-0.14789007034964283,-0.368332105546564,-0.1010174728004706,-0.15951992431875503,-0.4488771286946605,0.2408201250353334,0.019896723229143987
77,6.769775365214079,0.7953417335378503,-1.4251213408528163,-1.000108331110986,0.5073146055481588,-1.0430724750732543,-0.16727928115234564,0.7965640221920691,2.7262167304278826,-3.7032185210614554,0.38189486486803925,-2.5212583083930395,1.155152837925218,3.047597963081889,-1.0857321483601723,-0.24596454520830466,-0.5654249492475136,0.08716104426083371,-0.023353390645463136,-0.2777176613348828,-0.15963453532362468,-0.0003083086404366126,0.27167845500873344,-0.2579992987351131,-0.47651309818265686,0.6850804556473812,-0.3877786803199212,0.9912196516495733,-1.4122213179658292
78,39.06255517262846,0.09406466260355893,1.4294822342168902,0.17657488494596832,0.6788893246271333,-2.078424081346723,0.5667529485742083,-1.3425466362511624,-2.3557721499436726,0.5378255137007015,2.821358195439565,0.19551942641326675,-0.5933137885493162,-1.920876932395854,-0.7315056109698371,0.2011557284985151,-0.7481171571662603,0.3554103097136941,0.02157901017695893,-0.048392436650463895,-0.8437855007687521,-0.029288826243464034,-0.13306055759513472,-0.21696075922103514,0.8936251651304958,-0.9508594776401799,0.3801599624922446,0.22419143770750097,0.028340358962091913
79,10.83720920519157,-1.8872791505019426,1.2850291174949786,-1.1728352523786283,0.28067569976802353,-1.2602428512746031,2.1192090575714966,0.0870198322875812,0.7081539048790911,-2.303188987931991,1.190539359439705,4.3611614119515325,-0.5826931078423822,-2.695083335164088,1.3333332768920716,0.3185130953779802,-0.1662980394802201,-0.2527338036520172,0.15275618899066995,-0.5380622538914542,0.6469516677290597,0.3507177302550889,-0.3823452194500174,-0.30632236555647463,-0.04813812174457524,-0.8082996463362789,0.05902814139663703,-1.0496712287383756,-0.3660536162533138
80,174.9906023059236,-1.0218191307068034,1.0251808070085398,-1.6110954356557563,-0.29367134389077026,-0.07225599281326682,0.3916642910343967,-2.1152138776330114,1.425149986610976,2.664558234929341,-0.23169547483548325,-0.24075119693626335,-0.2977632125169463,2.2927925790628443,2.3706077669014016,0.2626260944140876,-0.4994205255017972,-0.5121825850089876,-0.003163248657864004,0.84803634144817,0.409082527615123,0.5315852703458909,-0.0063099387478256575,-0.5305059900774295,-0.607954311729373,-0.27598089272003923,0.5256183936904371,-0.26218583168792636,0.03983222035728639
81,85.91450487068892,-0.5545415410168301,1.5500974208791574,0.678863308072832,-0.1904004538664793,1.3376564934094135,1.480781668387664,-0.6994593731250235,-0.21807364199910928,-2.764599178206132,-1.0819557254648606,-0.1959905438880828,-2.5828083725254136,-1.1534254452003694,2.8940934953378847,-0.5406549086762168,-0.350077402914936,0.23612211155210047,0.4823786687985296,-0.27107842096116047,-0.0934965693434121,1.0031844814222528,-0.026141233510214412,-0.031272796216457656,0.37961407279067133,-0.34024618522137645,-0.8762285836843382,-0.2944882135196852,-0.4707013652567136
82,35.36005451011449,-0.08014345772516059,0.33668995915034267,0.5268777086747208,-0.1805569169797657,1.2116527188392243,1.4877317338762084,-1.8477371064429637,0.31694149309164127,-2.7239466516579425,3.2661279686556406,1.2772977372338032,5.66699561058556,-1.022091684582343,1.2208096588783814,0.07971518638878547,-0.20758061475629472,0.28834714922923044,-0.7116348928584044,0.5563133673490941,0.2138718696376517,0.09545785810055027,0.39477955782651636,1.0518873483599105,-0.5076501891588595,0.7258773785681862,0.11667566919682155,-0.5063134359108389,-0.2788810149111909
83,5.778789790820895,2.0782066750543957,-0.6995153947191209,1.4880442774847837,-2.4960738562002396,-1.1666535089331622,1.3311669979849476,-2.093847154112078,1.9900848634010846,4.426602523718368,0.1660091462190096,-0.013604953017944734,-1.7526389439092012,3.2048593222693786,-1.0237742144963957,-0.9214585311298505,-0.04815225214910327,-0.19099830093490763,-0.42694936944740414,0.07691373236004163,-0.2948048980165399,-0.3297871488351798,-0.7777605107933944,0.11074694376010048,0.15216384497188132,-0.24308238829712905,0.028396169937888245,-0.7178215242567786,0.20170158801426125
84,32.778974836111125,0.2619884367535911,1.313487949464681,-0.04469650938462195,-0.0858082703011522,-0.7966861895066024,-1.8138226290253106,-1.2896910858781625,0.5269316223771218,2.399008753254555,-2.3489260354335664,-1.842320326613385,-0.8804606878994279,0.418803265690244,-3.0021230888245385,0.0724004072574724,-0.13793400003616615,0.5212339206050904,0.30816190397807935,-0.5977323169725459,0.35164019520695244,0.29303494717165884,-1.0148483328966489,0.1674770552999598,1.0839025395285469,0.4316042941780496,-0.1622409329848755,0.3224035082655314,-0.010245744911298234
85,34.61165076020356,-0.9248490788884877,1.3594106540554738,2.886457332364439,-0.8081556781121214,3.154326106468634,0.8175023220787884,1.4834773988497232,1.206865174424794,-1.533123041163717,0.23886627900344612,-0.99238711358113,0.7057373709826751,2.483580061228969,3.4601833092067986,-0.009417528902244609,-0.747293120397984,0.20587708622678555,0.3182411271839523,-1.2870105066183426,0.3475320446472819,0.321485101900345,0.4042136976807817,0.6014578591311365,-0.05216943665574093,-0.4737403667275454,-0.008074303639806301,0.5724533906220707,0.0798133497241693
86,115.09306898828119,0.24269388473787956,1.3263766817919453,0.3488506676681464,-2.313962309098623,1.4935267957222496,-2.216061485687653,0.7087960438767285,2.532402316059311,-2.3488772605528303,-1.7033406709168715,-1.1379503940120481,-0.9855368147920133,0.9587542306841025,2.1666078703270863,0.19922325769270952,-0.7875992121957206,0.834780093025647,0.9314846454950888,-0.2164771941330238,-0.34375599116248284,-0.1505920704016589,-0.32632535667961315,0.1446938649055289,0.4896177830856987,-0.2627616247400736,0.5747717513392774,0.8065216602284377,-0.27488282214995907
87,89.31026358548975,-0.3872965221992691,0.05340249878308378,0.736807085608376,3.3850356092510783,-0.37767028639739886,3.191030482992579,3.488099112101409,-0.8038264542405089,-1.7601674016439346,-4.697891101309702,1.7457331572124515,0.6282403654414545,1.6757861871159243,-2.1415773661480593,-0.26217941801541855,1.0015592137825229,-0.16767469623479275,-0.8168198621138124,-0.45572664911446625,-0.2374164264121826,-0.06978445611965071,-1.0528402676095518,0.6844347556966895,1.2320171921278293,0.09745238012403414,-0.8873844547705542,-0.7125130151286578,0.25668508190849054
88,192.0381682913333,0.35723406348689596,-0.8594334163359918,-1.765958018639397,0.43582504838196656,-3.442728660220089,1.1162388533588925,-1.0161956841707078,1.433024792848635,0.6844536586720964,0.023153697272436272,-1.29739121790512,-4.072881048548459,2.9215524320655284,2.723342949319452,0.2694355897850173,0.5386572395276602,-0.42124431968626086,-0.7760085247500744,-0.42870244232969307,-0.052060106856604484,0.00559732949963536,-1.0058975229004607,0.006290520658346876,-0.21395286207445996,0.3110248625148454,0.8472892068599289,0.23332667201750779,-0.15311706981042858
89,56.23781973711526,0.6386244557391764,0.22963470493393337,-0.79830960965929,0.01834456158961588,-0.6882429876032277,-0.9996718054590036,1.7326203111348795,-0.7999573658001918,0.5402590309782498,0.11171164145556413,-2.4385876403641857,-0.0799543434072475,-2.380263382940786,1.5571893965699004,0.4743956968227698,0.0038420014784119687,-0.24496693829675384,0.08067634724052306,0.6943764344269705,0.09839122826271335,0.31310858227883065,0.3638293779801539,-0.07285215827573871,-0.45155235322550114,-0.27114154357020714,0.7012267132034427,0.10690966564337732,-0.408465082624477
90,11.208770638164168,1.330153711946332,1.1306760210814029,0.6755836106707704,-0.5195791868341052,-1.9899290432088557,0.6013672297180744,3.1589550230819445,1.9323618132939508,-0.7579020324057822,-0.6893523892680014,2.4004446913502977,-2.067722430887771,1.8558711257698481,-1.876451183315652,-0.09896061142352391,0.8605767982245269,-0.6819750066865722,-1.164329167085755,0.024238080746632033,0.47060435333466005,0.2279886522066225,-0.10740612198121989,-0.10301559455860074,-0.6367079470931645,0.5157289056000961,-0.21735404800397895,-0.7068767293573298,-0.21807182315031629
91,109.92311829986075,-0.02671514523702843,1.2292221478319585,-0.10949609113765783,1.0223114421081605,-1.294022078671587,-1.6169015042414963,1.9005307465685495,-1.11850854510027,3.2598370327855726,-0.6773126685583759,1.8150166687435378,0.8844594324127437,3.6469930663387973,-2.468466392455371,-0.747973798881434,-0.06169160197522171,0.1770202351107239,-0.42237513820149863,0.10323669184758319,-0.13037498727589367,-0.6023173113341368,0.5085669863865109,-0.4862059030231132,0.5815339974167933,-0.7008208770399177,0.23326488392444558,-0.08030980644938746,0.2478113140236457
92,125.87456227076405,1.8028565803598167,-0.515611352489514,0.2439880755450267,-1.62722036288982,-1.4479977326594526,-2.4874978053854635,1.930700060684584,0.7821303317520837,-1.49353205903864,0.27315253127133743,0.6311788604411146,3.36284850225935,-1.7004878142587183,3.6510301720496843,0.22573981263477422,-0.49672763875057,0.2815383601746028,-0.021343947321981253,0.6925178304036017,0.012256805143971535,0.47468609622190955,-0.10750554488997018,-0.7843113411436783,0.9062901198579524,-0.8883409627423944,-0.591029845495056,0.23093568463565503,0.5630524889002027
93,72.50209954995293,0.9988249287898104,0.37844747535286805,-1.0614418824284517,-0.43778600871993834,-0.3468122442256137,1.4028493820539687,0.2053604381631339,-0.4102685515868372,-3.591679431591678,-1.3536431447524573,-1.4580974376638607,4.162577767814773,-1.7407006877847742,-1.505183921182923,-0.23415663396197628,0.6874803419804092,-0.5470223064924444,-0.18254470518572627,-0.48172337306991947,-0.9297893634487706,-0.1609149351689031,-0.5472430321841628,0.022422347056400983,0.728588943769455,0.03910179874897793,0.03157194587839259,-0.7485020933579287,-0.2407198558332357
94,324.25579267870023,-1.400730298728132,-1.5705339653831472,0.2853559179235942,-2.399470624338666,0.10463942485106546,-1.5693662480427744,0.39353795730108093,1.0566520397626558,5.0724325112668165,-4.035432292115101,-5.230858222520739,-1.7916582305235738,4.50060077947729,3.650827778464532,0.15476135932275278,0.5225045678144369,1.0791961461014232,0.5259050965426976,0.6297728349004572,1.042157431584593,-1.532630733763404,0.3718498625376104,0.6727944832721816,0.019322730737671576,0.6238157559534703,0.46101592745803455,-0.27436163523579243,0.7298136256092747
95,59.91169637290446,2.430841232323311,1.1819401236070213,0.15410965906925686,1.0101879951398938,-1.0973712623779688,-0.28962315325535826,-1.5658713890186444,-1.5206107807863785,1.7380997575785122,-2.585444518028009,4.67519472301813,-5.5170814384460485,-1.0308924428622483,0.8757068698569126,0.014370665456835942,0.7189917158373185,0.3329146797711041,0.626687891786688,-0.14180449335033038,-0.013168880250625443,-0.1165366230531015,0.19121496605524577,0.13871800000580492,0.15986454200980266,-0.08360063215188215,-0.3966492250623774,0.8811696239592942,-0.9261462450903145
96,65.0917378123995,0.35969396459710745,-0.9399705080700762,-1.5345655258508106,-1.1574376041937153,-1.9165594653810798,0.3288813821967352,-4.542492256559215,-0.49960305377627307,-0.3895410747549619,-0.7894314281916718,4.871690409489395,0.7209519692605073,0.6147274323885361,-4.897770238770666,-0.8348975762847674,-0.4110517642782753,-0.159268245795449,-0.29709542572942915,-0.621485443681945,-0.25756992939355494,0.1607223156205524,-0.4772861856238071,1.002663017599494,-0.049113615689977345,-0.7171409462418723,-0.786281859784617,-0.5348296563283552,0.9354238975020267
97,49.087649063941605,-0.9186369543694587,0.9423064314858568,0.8353147980847678,1.5418589362871762,-0.26839690092586355,-0.2918722036102147,0.34745764470145496,-0.09474622081624445,0.3962876409048891,0.5222082476051305,0.3069034887653252,-0.819648803995391,-3.87986520703422,0.5280575400874802,0.12186104997331777,-0.3397050970616772,0.1148255569785861,-0.5779407907623939,0.4206088396555079,-0.013658805871826421,-0.11572170127059146,-0.4807194334103895,0.03425565307311407,0.06221271436990648,0.3265714756685786,0.2161441043167797,-0.22243257439824538,0.8875870286488868
98,2.265804111130008,1.818204356353464,-1.379165492868194,-2.21008443099336,-0.1389855426453053,-0.7474181656592372,-1.6448570517935217,-1.6311843529793653,-1.9341212738502698,0.2294396139825471,-4.496025031408723,0.3456296718734408,-2.0628749020064374,1.0414783929423372,-0.008951302330732994,0.44495313934834985,-0.05625421090772892,-0.14222977819110236,-0.37538018511644367,-0.42646881501323036,-0.0216811323388458,0.06955479102265237,0.27143708642868863,-0.6020428447099365,0.5492497716055411,-0.2855373763544968,1.0930444642746049,-0.022600117614012316,-0.37535004354880913
99,10.046734296884194,2.2855553437182894,1.2376990877208094,0.2395095047769889,1.0842861355578788,-2.8463087907174005,0.09712638420905045,-0.7226422290218315,-1.093716695750548,-3.083322905852237,0.9794386893691506,-1.647378450473697,0.5678656494556804,-0.8603868565694567,3.023853785783348,-0.26844813660690436,-0.37596939828621506,-0.4938684065090409,-0.13968554356699076,-0.7451441790943278,0.6970176186289108,-0.020362051517564504,-0.21092332707187314,-0.47065572795869953,-0.04107405797724309,-0.2148502296024777,0.15551195542286717,-0.24991076287552477,0.43230104153758264
